客户名称,合同号,PO号,货号,目的港,毛重,净重,体积,外箱尺寸,件号,总件数,每箱数量,批次,出货日期,原产地,备注,托盘号
WALMART INC.,SD-2026-0831,PO#45821099,YOGA-PANT-SS,LOS ANGELES,18.50,16.20,0.068,60×40×25,1,120,24,B2608,2026/9/12,MADE IN CHINA,THIS SIDE UP,PLT-0007
WALMART INC.,SD-2026-0831,PO#45821099,YOGA-PANT-SS,LOS ANGELES,18.50,16.20,0.068,60×40×25,2,120,24,B2608,2026/9/12,MADE IN CHINA,THIS SIDE UP,PLT-0007
WALMART INC.,SD-2026-0831,PO#45821099,YOGA-PANT-SS,LOS ANGELES,18.50,16.20,0.068,60×40×25,3,120,24,B2608,2026/9/12,MADE IN CHINA,THIS SIDE UP,PLT-0007
CARREFOUR SA,CF-2026-114,PO#77120,MT-JERSEY-BLUE,LE HAVRE,21.00,19.40,0.081,70×45×28,1,60,30,C2609,2026/9/18,MADE IN CHINA,KEEP DRY,PLT-0031
CARREFOUR SA,CF-2026-114,PO#77120,MT-JERSEY-BLUE,LE HAVRE,21.00,19.40,0.081,70×45×28,2,60,30,C2609,2026/9/18,MADE IN CHINA,KEEP DRY,PLT-0031
DECATHLON,DK-2026-0507,PO#30091,TRAIL-SOCK-12,BILBAO,9.80,8.90,0.032,40×30×25,1,240,60,D2607,2026/9/25,MADE IN CHINA,,PLT-0088
DECATHLON,DK-2026-0507,PO#30091,TRAIL-SOCK-12,BILBAO,9.80,8.90,0.032,40×30×25,2,240,60,D2607,2026/9/25,MADE IN CHINA,,PLT-0088
深圳顺达贸易,SD-2026-0842,,YOGA-PANT-SS,NEW YORK,20.10,17.80,0.070,60×40×28,1,45,26,B2610,2026/10/8,MADE IN CHINA, fragile易碎,PLT-0102
深圳顺达贸易,SD-2026-0842,,YOGA-PANT-SS,NEW YORK,20.10,17.80,0.070,60×40×28,2,45,26,B2610,2026/10/8,MADE IN CHINA,fragile易碎,PLT-0102
